FID,Name,Block_ID,TRT_ID,Plot_ID
0,Span D,1,15,2502
1,Span A,4,27,204
2,Span A,4,30,206
3,Span A,4,2,205
4,Span A,2,14,203
5,Span A,2,26,202
6,Span A,2,1,201
7,Span A,2,5,301
8,Span A,2,20,302
9,Span A,2,10,303
10,Span A,4,4,304
11,Span A,4,19,305
12,Span A,4,21,306
13,Span A,4,28,406
14,Span A,4,13,405
15,Span A,4,15,404
16,Span A,2,25,403
17,Span A,2,12,402
18,Span A,2,32,401
19,Span A,4,8,506
20,Span A,4,5,505
21,Span A,4,34,504
22,Span A,2,17,503
23,Span A,2,19,502
24,Span A,2,3,501
25,Span A,2,8,601
26,Span A,2,2,602
27,Span A,2,23,603
28,Span A,4,10,604
29,Span A,4,26,605
30,Span A,4,17,606
31,Span B,4,12,805
32,Span B,2,31,803
33,Span B,2,11,801
34,Span B,4,20,806
35,Span B,4,24,804
36,Span B,2,6,802
37,Span B,2,7,901
38,Span B,2,34,902
39,Span B,2,15,903
40,Span B,4,32,904
41,Span B,4,6,905
42,Span B,4,11,906
43,Span B,2,21,1001
44,Span B,2,33,1002
45,Span B,2,16,1003
46,Span B,4,31,1004
47,Span B,4,3,1005
48,Span B,4,7,1006
49,Span B,4,16,1105
50,Span B,4,25,1106
51,Span B,4,9,1104
52,Span B,2,29,1103
53,Span B,2,4,1102
54,Span B,2,18,1101
55,Span B,4,1,1204
56,Span B,4,18,1206
57,Span B,2,22,1203
58,Span B,2,13,1201
59,Span B,4,29,1205
60,Span B,2,24,1202
61,Span B,4,14,1304
62,Span B,4,23,1306
63,Span B,4,22,1305
64,Span B,2,27,1303
65,Span B,2,28,1302
66,Span B,2,30,1301
67,Span C,3,9,1506
68,Span C,3,32,1505
69,Span C,4,33,1504
70,Span C,2,9,1503
71,Span C,1,3,1502
72,Span C,1,20,1501
73,Span C,1,31,1601
74,Span C,1,32,1602
75,Span C,1,34,1603
76,Span C,3,22,1604
77,Span C,3,14,1605
78,Span C,3,6,1606
79,Span C,1,14,1701
80,Span C,1,35,1702
81,Span C,1,33,1703
82,Span C,3,13,1704
83,Span C,3,21,1705
84,Span C,3,10,1706
85,Span C,3,4,1806
86,Span C,3,18,1805
87,Span C,3,8,1804
88,Span C,1,7,1803
89,Span C,1,18,1802
90,Span C,1,25,1801
91,Span C,3,19,1906
92,Span C,3,31,1905
93,Span C,3,23,1904
94,Span C,1,2,1903
95,Span C,1,29,1902
96,Span C,1,22,1901
97,Span C,3,1,2005
98,Span C,3,29,2006
99,Span C,1,6,2001
100,Span C,1,16,2002
101,Span C,1,28,2003
102,Span C,3,3,2004
103,Span D,3,15,2206
104,Span D,3,16,2204
105,Span D,1,27,2202
106,Span D,3,17,2205
107,Span D,1,12,2203
108,Span D,1,9,2201
109,Span D,3,33,2305
110,Span D,1,4,2301
111,Span D,1,30,2302
112,Span D,1,5,2303
113,Span D,3,25,2304
114,Span D,3,27,2306
115,Span D,3,26,2406
116,Span D,3,20,2405
117,Span D,3,11,2404
118,Span D,1,21,2403
119,Span D,1,11,2402
120,Span D,1,10,2401
121,Span D,1,8,2503
122,Span D,3,12,2506
123,Span D,1,19,2501
124,Span D,3,5,2504
125,Span D,3,7,2505
126,Span D,3,24,2606
127,Span D,3,30,2605
128,Span D,1,26,2603
129,Span D,3,28,2604
130,Span D,1,17,2602
131,Span D,1,23,2601
132,Span D,3,35,2706
133,Span D,3,2,2704
134,Span D,3,34,2705
135,Span D,1,1,2703
136,Span D,1,13,2702
137,Span D,1,24,2701